﻿1,state,gdp
1,Andhra Pradesh,444564
2,Arunachal Pradesh,14383
3,Assam,165212
4,Bihar,279482
5,Chhattisgarh,185813
6,Goa,40116
7,Gujarat,811428
8,Haryana,370535
9,Himachal Pradesh,89060
10,Jammu And Kashmir,82372
11,Jharkhand,186534
12,Karnataka,748429
13,Kerala,419956
14,Madhya Pradesh,383944
15,Maharashtra,1543165
16,Manipur,15245
17,Meghalaya,20140
18,Mizoram,11261
19,Nagaland,14399
20,Odisha,270665
21,Punjab,312125
22,Rajasthan,521509
23,Sikkim,13071
24,Tamil Nadu,893915
25,Telangana,416332
26,Tripura,26965
27,Uttar Pradesh,834432
28,Uttarakhand,141278
29,West Bengal,574364
30,Andaman And Nicobar Islands,4742
31,Chandigarh,22870
32,Delhi,428355
33,Puducherry,18207
