﻿1,state,gdp
1,Andhra Pradesh,498606
2,Arunachal Pradesh,14240
3,Assam,191109
4,Bihar,296488
5,Chhattisgarh,190584
6,Goa,46091
7,Gujarat,894465
8,Haryana,413405
9,Himachal Pradesh,96274
10,Jammu And Kashmir,97001
11,Jharkhand,174881
12,Karnataka,831330
13,Kerala,451210
14,Madhya Pradesh,418736
15,Maharashtra,1654284
16,Manipur,16424
17,Meghalaya,20638
18,Mizoram,12324
19,Nagaland,14660
20,Odisha,292229
21,Punjab,330052
22,Rajasthan,563340
23,Sikkim,14370
24,Tamil Nadu,967562
25,Telangana,464542
26,Tripura,26787
27,Uttar Pradesh,908241
28,Uttarakhand,152699
29,West Bengal,609545
30,Andaman And Nicobar Islands,5092
31,Chandigarh,24932
32,Delhi,475623
33,Puducherry,19060
